address,tx_count,active_days,in_out_ratio,burstiness,dormancy,total_eth_in,total_eth_out,unique_counterparties,contract_interaction_ratio,failed_tx_ratio
0xc41ae140ca9b281d8a1dc254c50e446019517d04,10000,41.66736111111111,0.0532,9.781245077665968,135.27024826975608,0.0,0.0,5,1.0,0.152
0x90c1e932e3bd21ccc32b332c1d23f769269348b9,116,895.07375,0.20618556701030927,2.9556554948036684,0.044850634281282074,0.5497948095463389,0.7667634844556613,42,0.7068965517241379,0.0
0x31f74f72135569c0f81f5e40318fee130062f229,41,1.0829166666666667,0.20588235294117646,2.626166265976941,0.04431263151820059,0.560946121,1.044,10,0.7317073170731707,0.0
0xedecaa2480fc395adf3b6c92d8e4cf14ba2afdcc,162,141.18208333333334,0.05194805194805195,3.954524749630312,0.04671208574264138,0.11457522758190868,0.8009870967242261,36,0.8395061728395061,0.012345679012345678
0xc7ed38db03630a5fc41ca283defcb0f4f1677fc0,2,0.0015277777777777779,1.0,,0.04673784539379455,0.000683491960425815,0.0,2,0.5,0.0
